Num_Topics,NNMF_Coherence_Score
4,0.27569
5,0.30218
6,0.31694
7,0.29481
8,0.33268
9,0.31203
10,0.32794
